,TeamID,SEASON,LeagueID,PLAYER,NICKNAME,PLAYER_SLUG,NUM,POSITION,HEIGHT,WEIGHT,BIRTH_DATE,AGE,EXP,SCHOOL,PLAYER_ID,HOW_ACQUIRED
0,1610612750,2022,00,Anthony Edwards,Anthony,anthony-edwards,1,G,6-4,225,"AUG 05, 2001",21.0,2,Georgia,1630162,#1 Pick in 2020 Draft
1,1610612750,2022,00,Jaden McDaniels,Jaden,jaden-mcdaniels,3,F,6-9,185,"SEP 29, 2000",22.0,2,Washington,1630183,Draft Rights Traded from OKC on 11/20/20
2,1610612750,2022,00,Jaylen Nowell,Jaylen,jaylen-nowell,4,G,6-4,201,"JUL 09, 1999",23.0,3,Washington,1629669,
3,1610612750,2022,00,Kyle Anderson,Kyle,kyle-anderson,5,F-G,6-9,230,"SEP 20, 1993",29.0,8,UCLA,203937,Signed on 07/07/22
4,1610612750,2022,00,Jordan McLaughlin,Jordan,jordan-mclaughlin,6,G,6-0,185,"APR 09, 1996",27.0,3,Southern California,1629162,Signed on 07/19/19
5,1610612750,2022,00,Wendell Moore Jr.,Wendell,wendell-moore-jr,7,G,6-5,215,"SEP 18, 2001",21.0,R,Duke,1631111,Draft Rights Traded from HOU on 06/24/22
6,1610612750,2022,00,Josh Minott,Josh,josh-minott,8,F,6-8,205,"NOV 25, 2002",20.0,R,Memphis,1631169,Draft Rights Traded from CHA on 06/24/22
7,1610612750,2022,00,Nickeil Alexander-Walker,Nickeil,nickeil-alexander-walker,9,G,6-5,205,"SEP 02, 1998",24.0,3,Virginia Tech,1629638,Traded from UTA on 02/09/23
8,1610612750,2022,00,Mike Conley,Mike,mike-conley,10,G,6-1,175,"OCT 11, 1987",35.0,15,Ohio State,201144,Traded from UTA on 02/09/23
9,1610612750,2022,00,Naz Reid,Naz,naz-reid,11,C-F,6-9,264,"AUG 26, 1999",23.0,3,Louisiana State,1629675,Signed on 07/04/19
10,1610612750,2022,00,Taurean Prince,Taurean,taurean-prince,12,F,6-6,218,"MAR 22, 1994",29.0,6,Baylor,1627752,
11,1610612750,2022,00,Nathan Knight,Nathan,nathan-knight,13,F-C,6-8,253,"SEP 20, 1997",25.0,2,William & Mary,1630233,
12,1610612750,2022,00,Austin Rivers,Austin,austin-rivers,25,G,6-4,200,"AUG 01, 1992",30.0,10,Duke,203085,
13,1610612750,2022,00,Rudy Gobert,Rudy,rudy-gobert,27,C,7-1,258,"JUN 26, 1992",31.0,9,Cholet,203497,Traded from UTA on 07/06/22
14,1610612750,2022,00,Karl-Anthony Towns,Karl-Anthony,karl-anthony-towns,32,C-F,7-0,248,"NOV 15, 1995",27.0,7,Kentucky,1626157,#1 Pick in 2015 Draft
15,1610612750,2022,00,Matt Ryan,Matt,matt-ryan,37,F,6-6,215,"APR 17, 1997",26.0,1,Tennessee-Chattanooga,1630346,Signed on 12/07/22
16,1610612750,2022,00,Luka Garza,Luka,luka-garza,55,C,6-10,243,"DEC 27, 1998",24.0,1,Iowa,1630568,Signed on 08/22/22
0,1610612750,2021,00,D'Angelo Russell,D'Angelo,dangelo-russell,0,G,6-4,193,"FEB 23, 1996",26.0,6,Ohio State,1626156,
1,1610612750,2021,00,Anthony Edwards,Anthony,anthony-edwards,1,G,6-4,225,"AUG 05, 2001",20.0,1,Georgia,1630162,#1 Pick in 2020 Draft
2,1610612750,2021,00,Jaden McDaniels,Jaden,jaden-mcdaniels,3,F,6-9,185,"SEP 29, 2000",21.0,1,Washington,1630183,Draft Rights Traded from OKC on 11/20/20
3,1610612750,2021,00,Jaylen Nowell,Jaylen,jaylen-nowell,4,G,6-4,201,"JUL 09, 1999",22.0,2,Washington,1629669,
4,1610612750,2021,00,Malik Beasley,Malik,malik-beasley,5,G,6-4,187,"NOV 26, 1996",25.0,5,Florida State,1627736,
5,1610612750,2021,00,Jordan McLaughlin,Jordan,jordan-mclaughlin,6,G,5-11,185,"APR 09, 1996",26.0,2,Southern California,1629162,Signed on 07/19/19
6,1610612750,2021,00,Jarred Vanderbilt,Jarred,jarred-vanderbilt,8,F,6-9,214,"APR 03, 1999",23.0,3,Kentucky,1629020,
7,1610612750,2021,00,Leandro Bolmaro,Leandro,leandro-bolmaro,9,F,6-6,200,"SEP 11, 2000",21.0,R,,1630195,
8,1610612750,2021,00,Jake Layman,Jake,jake-layman,10,F,6-8,209,"MAR 07, 1994",28.0,5,Maryland,1627774,
9,1610612750,2021,00,Naz Reid,Naz,naz-reid,11,C-F,6-9,264,"AUG 26, 1999",22.0,2,Louisiana State,1629675,Signed on 07/04/19
10,1610612750,2021,00,Taurean Prince,Taurean,taurean-prince,12,F,6-6,218,"MAR 22, 1994",28.0,5,Baylor,1627752,
11,1610612750,2021,00,Nathan Knight,Nathan,nathan-knight,13,F-C,6-10,253,"SEP 20, 1997",24.0,1,William & Mary,1630233,
12,1610612750,2021,00,Greg Monroe,Greg,greg-monroe,15,F-C,6-10,250,"JUN 04, 1990",32.0,9,Georgetown,202328,
13,1610612750,2021,00,Josh Okogie,Josh,josh-okogie,20,G,6-4,213,"SEP 01, 1998",23.0,3,Georgia Tech,1629006,
14,1610612750,2021,00,Patrick Beverley,Patrick,patrick-beverley,22,G,6-1,180,"JUL 12, 1988",33.0,9,Arkansas,201976,
15,1610612750,2021,00,McKinley Wright IV,McKinley,mckinley-wright-iv,25,G,5-11,192,"OCT 25, 1998",23.0,R,Colorado,1630593,
16,1610612750,2021,00,Karl-Anthony Towns,Karl-Anthony,karl-anthony-towns,32,C-F,6-11,248,"NOV 15, 1995",26.0,6,Kentucky,1626157,#1 Pick in 2015 Draft
0,1610612750,2020,00,D'Angelo Russell,D'Angelo,dangelo-russell,0,G,6-4,193,"FEB 23, 1996",25.0,5,Ohio State,1626156,
1,1610612750,2020,00,Anthony Edwards,Anthony,anthony-edwards,1,G,6-4,225,"AUG 05, 2001",19.0,R,Georgia,1630162,#1 Pick in 2020 Draft
2,1610612750,2020,00,Jaden McDaniels,Jaden,jaden-mcdaniels,3,F,6-9,185,"SEP 29, 2000",20.0,R,Washington,1630183,Draft Rights Traded from OKC on 11/20/20
3,1610612750,2020,00,Jaylen Nowell,Jaylen,jaylen-nowell,4,G,6-4,201,"JUL 09, 1999",21.0,1,Washington,1629669,
4,1610612750,2020,00,Malik Beasley,Malik,malik-beasley,5,G,6-4,187,"NOV 26, 1996",24.0,4,Florida State,1627736,
5,1610612750,2020,00,Jordan McLaughlin,Jordan,jordan-mclaughlin,6,G,5-11,185,"APR 09, 1996",25.0,1,Southern California,1629162,Signed on 07/19/19
6,1610612750,2020,00,Jarred Vanderbilt,Jarred,jarred-vanderbilt,8,F,6-9,214,"APR 03, 1999",22.0,2,Kentucky,1629020,
7,1610612750,2020,00,Ricky Rubio,Ricky,ricky-rubio,9,G,6-3,190,"OCT 21, 1990",30.0,9,FC Barcelona,201937,
8,1610612750,2020,00,Jake Layman,Jake,jake-layman,10,F,6-8,209,"MAR 07, 1994",27.0,4,Maryland,1627774,
9,1610612750,2020,00,Naz Reid,Naz,naz-reid,11,C-F,6-9,264,"AUG 26, 1999",21.0,1,Louisiana State,1629675,Signed on 07/04/19
10,1610612750,2020,00,Ed Davis,Ed,ed-davis,17,C-F,6-9,218,"JUN 05, 1989",32.0,10,North Carolina,202334,
11,1610612750,2020,00,Josh Okogie,Josh,josh-okogie,20,G,6-4,213,"SEP 01, 1998",22.0,2,Georgia Tech,1629006,
12,1610612750,2020,00,Jarrett Culver,Jarrett,jarrett-culver,23,G-F,6-6,195,"FEB 20, 1999",22.0,1,Texas Tech,1629633,
13,1610612750,2020,00,Karl-Anthony Towns,Karl-Anthony,karl-anthony-towns,32,C-F,6-11,248,"NOV 15, 1995",25.0,5,Kentucky,1626157,#1 Pick in 2015 Draft
14,1610612750,2020,00,Juancho Hernangomez,Juancho,juancho-hernangomez,41,F,6-9,214,"SEP 28, 1995",25.0,4,                                   ,1627823,
0,1610612750,2019,00,D'Angelo Russell,D'Angelo,dangelo-russell,0,G,6-4,193,"FEB 23, 1996",24.0,4,Ohio State,1626156,
1,1610612750,2019,00,Evan Turner,Evan,evan-turner,1,G-F,6-6,220,"OCT 27, 1988",31.0,9,Ohio State,202323,
2,1610612750,2019,00,Jarred Vanderbilt,Jarred,jarred-vanderbilt,3,F,6-9,214,"APR 03, 1999",21.0,1,Kentucky,1629020,
3,1610612750,2019,00,Jaylen Nowell,Jaylen,jaylen-nowell,4,G,6-4,201,"JUL 09, 1999",20.0,R,Washington,1629669,
4,1610612750,2019,00,Malik Beasley,Malik,malik-beasley,5,G,6-4,187,"NOV 26, 1996",23.0,3,Florida State,1627736,
5,1610612750,2019,00,Jordan McLaughlin,Jordan,jordan-mclaughlin,6,G,5-11,185,"APR 09, 1996",24.0,R,Southern California,1629162,Signed on 07/19/19
6,1610612750,2019,00,Jake Layman,Jake,jake-layman,10,F,6-8,209,"MAR 07, 1994",26.0,3,Maryland,1627774,
7,1610612750,2019,00,Naz Reid,Naz,naz-reid,11,C-F,6-9,264,"AUG 26, 1999",20.0,R,Louisiana State,1629675,Signed on 07/04/19
8,1610612750,2019,00,Jacob Evans,Jacob,jacob-evans,12,G-F,6-4,210,"JUN 18, 1997",23.0,1,Cincinnati,1628980,
9,1610612750,2019,00,Omari Spellman,Omari,omari-spellman,14,F,6-8,245,"JUL 21, 1997",22.0,1,Villanova,1629016,
10,1610612750,2019,00,James Johnson,James,james-johnson,16,F,6-7,240,"FEB 20, 1987",33.0,10,Wake Forest,201949,
11,1610612750,2019,00,Josh Okogie,Josh,josh-okogie,20,G,6-4,213,"SEP 01, 1998",21.0,1,Georgia Tech,1629006,
12,1610612750,2019,00,Jarrett Culver,Jarrett,jarrett-culver,23,G-F,6-6,195,"FEB 20, 1999",21.0,R,Texas Tech,1629633,
13,1610612750,2019,00,Kelan Martin,Kelan,kelan-martin,30,F,6-5,230,"AUG 03, 1995",24.0,R,Butler,1629103,
14,1610612750,2019,00,Karl-Anthony Towns,Karl-Anthony,karl-anthony-towns,32,C-F,6-11,248,"NOV 15, 1995",24.0,4,Kentucky,1626157,#1 Pick in 2015 Draft
15,1610612750,2019,00,Juancho Hernangomez,Juancho,juancho-hernangomez,41,F,6-9,214,"SEP 28, 1995",24.0,3,                                   ,1627823,
0,1610612750,2018,00,Jeff Teague,Jeff,jeff-teague,0,G,6-2,195,"JUN 10, 1988",31.0,9,Wake Forest,201952,
1,1610612750,2018,00,Tyus Jones,Tyus,tyus-jones,1,G,6-2,196,"MAY 10, 1996",23.0,3,Duke,1626145,
2,1610612750,2018,00,Jared Terrell,Jared,jared-terrell,3,G,6-3,227,"FEB 10, 1995",24.0,R,Rhode Island,1629123,
3,1610612750,2018,00,Gorgui Dieng,Gorgui,gorgui-dieng,5,C,6-11,252,"JAN 18, 1990",29.0,5,Louisville,203476,
4,1610612750,2018,00,Jerryd Bayless,Jerryd,jerryd-bayless,8,G,6-3,200,"AUG 20, 1988",30.0,10,Arizona,201573,
5,1610612750,2018,00,Luol Deng,Luol,luol-deng,9,F,6-9,237,"APR 16, 1985",34.0,14,Duke,2736,
6,1610612750,2018,00,C.J. Williams,C.J.,cj-williams,12,G,6-5,226,"FEB 06, 1990",29.0,1,North Carolina State,203710,
7,1610612750,2018,00,Cam Reynolds,Cam,cam-reynolds,13,G,6-8,225,"FEB 07, 1995",24.0,R,Tulane,1629244,
8,1610612750,2018,00,Josh Okogie,Josh,josh-okogie,20,G,6-4,212,"SEP 01, 1998",20.0,R,Georgia Tech,1629006,
9,1610612750,2018,00,Andrew Wiggins,Andrew,andrew-wiggins,22,F-G,6-8,194,"FEB 23, 1995",24.0,4,Kansas,203952,
10,1610612750,2018,00,Derrick Rose,Derrick,derrick-rose,25,G,6-3,200,"OCT 04, 1988",30.0,9,Memphis,201565,
11,1610612750,2018,00,Keita Bates-Diop,Keita,keita-bates-diop,31,F,6-9,229,"JAN 23, 1996",23.0,R,Ohio State,1628966,
12,1610612750,2018,00,Karl-Anthony Towns,Karl-Anthony,karl-anthony-towns,32,C,7-0,248,"NOV 15, 1995",23.0,3,Kentucky,1626157,#1 Pick in 2015 Draft
13,1610612750,2018,00,Robert Covington,Robert,robert-covington,33,F,6-9,225,"DEC 14, 1990",28.0,5,Tennessee State,203496,
14,1610612750,2018,00,Dario Saric,Dario,dario-saric,36,F,6-10,223,"APR 08, 1994",25.0,2,Anadolu Efes,203967,
15,1610612750,2018,00,Anthony Tolliver,Anthony,anthony-tolliver,43,F,6-8,250,"JUN 01, 1985",34.0,10,Creighton,201229,
16,1610612750,2018,00,Mitchell Creek,Mitchell,mitchell-creek,55,F-G,6-6,225,"APR 27, 1992",27.0,R,,1628249,
17,1610612750,2018,00,Taj Gibson,Taj,taj-gibson,67,F,6-9,232,"JUN 24, 1985",34.0,9,Southern California,201959,
0,1610612750,2017,00,Jeff Teague,Jeff,jeff-teague,0,G,6-2,189,"JUN 10, 1988",30.0,8,Wake Forest,201952,
1,1610612750,2017,00,Tyus Jones,Tyus,tyus-jones,1,G,6-2,184,"MAY 10, 1996",22.0,2,Duke,1626145,
2,1610612750,2017,00,Anthony Brown,Anthony,anthony-brown,3,F-G,6-7,224,"OCT 10, 1992",25.0,2,Stanford,1626148,
3,1610612750,2017,00,Gorgui Dieng,Gorgui,gorgui-dieng,5,C,6-11,251,"JAN 18, 1990",28.0,4,Louisville,203476,
4,1610612750,2017,00,Nemanja Bjelica,Nemanja,nemanja-bjelica,8,F,6-10,230,"MAY 09, 1988",30.0,2,                                   ,202357,
5,1610612750,2017,00,Amile Jefferson,Amile,amile-jefferson,10,F,6-9,224,"MAY 07, 1993",25.0,R,Duke,1628518,
6,1610612750,2017,00,Jamal Crawford,Jamal,jamal-crawford,11,G,6-5,185,"MAR 20, 1980",38.0,17,Michigan,2037,
7,1610612750,2017,00,Marcus Georges-Hunt,Marcus,marcus-georges-hunt,13,G,6-5,226,"MAR 28, 1994",24.0,1,Georgia Tech,1627875,
8,1610612750,2017,00,Andrew Wiggins,Andrew,andrew-wiggins,22,F,6-8,202,"FEB 23, 1995",23.0,3,Kansas,203952,
9,1610612750,2017,00,Jimmy Butler,Jimmy,jimmy-butler,23,G,6-8,236,"SEP 14, 1989",28.0,6,Marquette,202710,
10,1610612750,2017,00,Justin Patton,Justin,justin-patton,24,C,7-0,236,"JUN 14, 1997",21.0,R,Creighton,1628383,
11,1610612750,2017,00,Derrick Rose,Derrick,derrick-rose,25,G,6-3,190,"OCT 04, 1988",29.0,8,Memphis,201565,
12,1610612750,2017,00,Aaron Brooks,Aaron,aaron-brooks,30,G,6-0,161,"JAN 14, 1985",33.0,9,Oregon,201166,
13,1610612750,2017,00,Karl-Anthony Towns,Karl-Anthony,karl-anthony-towns,32,C,7-0,248,"NOV 15, 1995",22.0,2,Kentucky,1626157,#1 Pick in 2015 Draft
14,1610612750,2017,00,Cole Aldrich,Cole,cole-aldrich,45,C,6-11,253,"OCT 31, 1988",29.0,7,Kansas,202332,
15,1610612750,2017,00,Taj Gibson,Taj,taj-gibson,67,F,6-9,235,"JUN 24, 1985",33.0,8,Southern California,201959,
0,1610612750,2016,00,Tyus Jones,Tyus,tyus-jones,1,G,6-2,195,"MAY 10, 1996",21.0,1,Duke,1626145,
1,1610612750,2016,00,Kris Dunn,Kris,kris-dunn,3,G,6-4,205,"MAR 18, 1994",23.0,R,Providence,1627739,
2,1610612750,2016,00,Brandon Rush,Brandon,brandon-rush,4,G-F,6-6,225,"JUL 07, 1985",31.0,8,Kansas,201575,
3,1610612750,2016,00,Gorgui Dieng,Gorgui,gorgui-dieng,5,F-C,6-11,240,"JAN 18, 1990",27.0,3,Louisville,203476,
4,1610612750,2016,00,Zach LaVine,Zach,zach-lavine,8,G,6-5,185,"MAR 10, 1995",22.0,2,UCLA,203897,
5,1610612750,2016,00,Ricky Rubio,Ricky,ricky-rubio,9,G,6-4,190,"OCT 21, 1990",26.0,5,FC Barcelona,201937,
6,1610612750,2016,00,Nikola Pekovic,Nikola,nikola-pekovic,14,C,6-11,307,"JAN 03, 1986",31.0,6,Panathinaikos,201593,
7,1610612750,2016,00,Shabazz Muhammad,Shabazz,shabazz-muhammad,15,F,6-6,223,"NOV 13, 1992",24.0,3,UCLA,203498,
8,1610612750,2016,00,Omri Casspi,Omri,omri-casspi,18,F,6-9,225,"JUN 22, 1988",29.0,7,Maccabi Tel Aviv,201956,
9,1610612750,2016,00,Andrew Wiggins,Andrew,andrew-wiggins,22,F,6-8,199,"FEB 23, 1995",22.0,2,Kansas,203952,
10,1610612750,2016,00,Jordan Hill,Jordan,jordan-hill,27,F-C,6-10,240,"JUL 27, 1987",29.0,7,Arizona,201941,
11,1610612750,2016,00,Karl-Anthony Towns,Karl-Anthony,karl-anthony-towns,32,C,7-0,244,"NOV 15, 1995",21.0,1,Kentucky,1626157,#1 Pick in 2015 Draft
12,1610612750,2016,00,Adreian Payne,Adreian,adreian-payne,33,F,6-10,237,"FEB 19, 1991",26.0,2,Michigan State,203940,
13,1610612750,2016,00,Cole Aldrich,Cole,cole-aldrich,45,C,6-11,250,"OCT 31, 1988",28.0,6,Kansas,202332,
14,1610612750,2016,00,Nemanja Bjelica,Nemanja,nemanja-bjelica,88,F,6-10,225,"MAY 09, 1988",29.0,1,                                   ,202357,
0,1610612750,2015,00,Tyus Jones,Tyus,tyus-jones,1,G,6-2,195,"MAY 10, 1996",20.0,R,Duke,1626145,
1,1610612750,2015,00,Greg Smith,Greg,greg-smith,4,C,6-10,250,"JAN 08, 1991",25.0,4,Fresno State,202962,
2,1610612750,2015,00,Gorgui Dieng,Gorgui,gorgui-dieng,5,C-F,6-11,241,"JAN 18, 1990",26.0,2,Louisville,203476,
3,1610612750,2015,00,Zach LaVine,Zach,zach-lavine,8,G,6-5,189,"MAR 10, 1995",21.0,1,UCLA,203897,
4,1610612750,2015,00,Ricky Rubio,Ricky,ricky-rubio,9,G,6-4,194,"OCT 21, 1990",25.0,4,FC Barcelona,201937,
5,1610612750,2015,00,Damjan Rudez,Damjan,damjan-rudez,10,F,6-9,230,"JUN 17, 1986",30.0,1,Zaragoza,204014,
6,1610612750,2015,00,Tayshaun Prince,Tayshaun,tayshaun-prince,12,F,6-9,212,"FEB 28, 1980",36.0,13,Kentucky,2419,
7,1610612750,2015,00,Nikola Pekovic,Nikola,nikola-pekovic,14,C,6-11,307,"JAN 03, 1986",30.0,5,Panathinaikos,201593,
8,1610612750,2015,00,Shabazz Muhammad,Shabazz,shabazz-muhammad,15,F,6-6,223,"NOV 13, 1992",23.0,2,UCLA,203498,
9,1610612750,2015,00,Kevin Garnett,Kevin,kevin-garnett,21,F,6-11,240,"MAY 19, 1976",40.0,20,Farragut Academy HS (IL),708,
10,1610612750,2015,00,Andrew Wiggins,Andrew,andrew-wiggins,22,G-F,6-8,199,"FEB 23, 1995",21.0,1,Kansas,203952,
11,1610612750,2015,00,Karl-Anthony Towns,Karl-Anthony,karl-anthony-towns,32,C-F,7-0,244,"NOV 15, 1995",20.0,R,Kentucky,1626157,#1 Pick in 2015 Draft
12,1610612750,2015,00,Adreian Payne,Adreian,adreian-payne,33,F,6-10,237,"FEB 19, 1991",25.0,1,Michigan State,203940,
13,1610612750,2015,00,Nemanja Bjelica,Nemanja,nemanja-bjelica,88,F,6-10,240,"MAY 09, 1988",28.0,R,                                   ,202357,
0,1610612750,2014,00,Adreian Payne,Adreian,adreian-payne,3,F-C,6-10,245,"FEB 19, 1991",24.0,R,Michigan State,203940,
1,1610612750,2014,00,Robbie Hummel,Robbie,robbie-hummel,4,F,6-9,219,"MAR 08, 1989",26.0,1,Purdue,203133,
2,1610612750,2014,00,Gorgui Dieng,Gorgui,gorgui-dieng,5,C,6-11,233,"JAN 18, 1990",25.0,1,Louisville,203476,
3,1610612750,2014,00,Lorenzo Brown,Lorenzo,lorenzo-brown,7,G,6-5,189,"AUG 26, 1990",24.0,1,North Carolina State,203485,
4,1610612750,2014,00,Zach LaVine,Zach,zach-lavine,8,G,6-5,183,"MAR 10, 1995",20.0,R,UCLA,203897,
5,1610612750,2014,00,Ricky Rubio,Ricky,ricky-rubio,9,G,6-4,192,"OCT 21, 1990",24.0,3,FC Barcelona,201937,
6,1610612750,2014,00,Chase Budinger,Chase,chase-budinger,10,F,6-7,209,"MAY 22, 1988",27.0,5,Arizona,201978,
7,1610612750,2014,00,Gary Neal,Gary,gary-neal,12,G,6-4,210,"OCT 03, 1984",30.0,4,Towson,202390,
8,1610612750,2014,00,Nikola Pekovic,Nikola,nikola-pekovic,14,C,6-11,295,"JAN 03, 1986",29.0,4,Panathinaikos,201593,
9,1610612750,2014,00,Shabazz Muhammad,Shabazz,shabazz-muhammad,15,F,6-6,227,"NOV 13, 1992",22.0,1,UCLA,203498,
10,1610612750,2014,00,Kevin Garnett,Kevin,kevin-garnett,21,F-C,6-11,253,"MAY 19, 1976",39.0,19,Farragut Academy HS (IL),708,
11,1610612750,2014,00,Andrew Wiggins,Andrew,andrew-wiggins,22,F-G,6-8,199,"FEB 23, 1995",20.0,R,Kansas,203952,
12,1610612750,2014,00,Kevin Martin,Kevin,kevin-martin,23,G,6-7,204,"FEB 01, 1983",32.0,10,Western Carolina,2755,
13,1610612750,2014,00,Anthony Bennett,Anthony,anthony-bennett,24,F,6-8,245,"MAR 14, 1993",22.0,1,UNLV,203461,
14,1610612750,2014,00,Justin Hamilton,Justin,justin-hamilton,41,C,7-0,255,"APR 01, 1990",25.0,1,Louisiana State,203120,
15,1610612750,2014,00,Arinze Onuaku,Arinze,arinze-onuaku,50,F-C,6-9,275,"JUL 13, 1987",27.0,1,Syracuse,202620,
0,1610612750,2013,00,Othyus Jeffers,Othyus,othyus-jeffers,0,G-F,6-5,210,"AUG 05, 1985",28.0,2,Robert Morris-Chicago,201785,
1,1610612750,2013,00,Alexey Shved,Alexey,alexey-shved,1,G,6-6,187,"DEC 16, 1988",25.0,1,CSKA Moscow,203144,
2,1610612750,2013,00,Gorgui Dieng,Gorgui,gorgui-dieng,5,C,6-11,238,"JAN 18, 1990",24.0,R,Louisville,203476,
3,1610612750,2013,00,Robbie Hummel,Robbie,robbie-hummel,6,F,6-8,220,"MAR 08, 1989",25.0,R,Purdue,203133,
4,1610612750,2013,00,Ricky Rubio,Ricky,ricky-rubio,9,G,6-4,185,"OCT 21, 1990",23.0,2,FC Barcelona,201937,
5,1610612750,2013,00,Chase Budinger,Chase,chase-budinger,10,F,6-7,209,"MAY 22, 1988",26.0,4,Arizona,201978,
6,1610612750,2013,00,J.J. Barea,J.J.,jj-barea,11,G,6-0,178,"JUN 26, 1984",30.0,7,Northeastern,200826,
7,1610612750,2013,00,Luc Mbah a Moute,Luc,luc-mbah-a-moute,12,F,6-8,230,"SEP 09, 1986",27.0,5,UCLA,201601,
8,1610612750,2013,00,Corey Brewer,Corey,corey-brewer,13,F,6-9,185,"MAR 05, 1986",28.0,6,Florida,201147,
9,1610612750,2013,00,Nikola Pekovic,Nikola,nikola-pekovic,14,C,6-11,285,"JAN 03, 1986",28.0,3,Panathinaikos,201593,
10,1610612750,2013,00,Shabazz Muhammad,Shabazz,shabazz-muhammad,15,F,6-6,222,"NOV 13, 1992",21.0,R,UCLA,203498,
11,1610612750,2013,00,Kevin Martin,Kevin,kevin-martin,23,G,6-7,197,"FEB 01, 1983",31.0,9,Western Carolina,2755,
12,1610612750,2013,00,Ronny Turiaf,Ronny,ronny-turiaf,32,C,6-10,241,"JAN 13, 1983",31.0,8,Gonzaga,101142,
13,1610612750,2013,00,Dante Cunningham,Dante,dante-cunningham,33,F,6-8,221,"APR 22, 1987",27.0,4,Villanova,201967,
14,1610612750,2013,00,Kevin Love,Kevin,kevin-love,42,F-C,6-10,243,"SEP 07, 1988",25.0,5,UCLA,201567,
0,1610612750,2012,00,Alexey Shved,Alexey,alexey-shved,1,G,6-6,182,"DEC 16, 1988",24.0,R,CSKA Moscow,203144,
1,1610612750,2012,00,Brandon Roy,Brandon,brandon-roy,3,G,6-6,211,"JUL 23, 1984",28.0,5,Washington,200750,
2,1610612750,2012,00,Derrick Williams,Derrick,derrick-williams,7,F,6-8,241,"MAY 25, 1991",22.0,1,Arizona,202682,
3,1610612750,2012,00,Malcolm Lee,Malcolm,malcolm-lee,8,G,6-5,200,"MAY 22, 1990",23.0,1,UCLA,202723,
4,1610612750,2012,00,Ricky Rubio,Ricky,ricky-rubio,9,G,6-4,180,"OCT 21, 1990",22.0,1,FC Barcelona,201937,
5,1610612750,2012,00,Chase Budinger,Chase,chase-budinger,10,F,6-7,218,"MAY 22, 1988",25.0,3,Arizona,201978,
6,1610612750,2012,00,J.J. Barea,J.J.,jj-barea,11,G,6-0,175,"JUN 26, 1984",29.0,6,Northeastern,200826,
7,1610612750,2012,00,Luke Ridnour,Luke,luke-ridnour,13,G,6-2,175,"FEB 13, 1981",32.0,9,Oregon,2557,
8,1610612750,2012,00,Nikola Pekovic,Nikola,nikola-pekovic,14,C,6-11,290,"JAN 03, 1986",27.0,2,Panathinaikos,201593,
9,1610612750,2012,00,Mickael Gelabale,Mickael,mickael-gelabale,15,F,6-7,215,"MAY 22, 1983",30.0,2,Real Madrid,101153,
10,1610612750,2012,00,Chris Johnson,Chris,chris-johnson,20,F,6-11,210,"JUL 17, 1985",27.0,2,Louisiana State,202419,
11,1610612750,2012,00,Dante Cunningham,Dante,dante-cunningham,33,F,6-8,230,"APR 22, 1987",26.0,3,Villanova,201967,
12,1610612750,2012,00,Greg Stiemsma,Greg,greg-stiemsma,34,C,6-11,260,"SEP 26, 1985",27.0,1,Wisconsin,201880,
13,1610612750,2012,00,Kevin Love,Kevin,kevin-love,42,F-C,6-10,260,"SEP 07, 1988",24.0,4,UCLA,201567,
14,1610612750,2012,00,Andrei Kirilenko,Andrei,andrei-kirilenko,47,F,6-9,235,"FEB 18, 1981",32.0,10,CSKA Moscow,1905,
0,1610612750,2011,00,Malcolm Lee,Malcolm,malcolm-lee,3,G,6-5,200,"MAY 22, 1990",22.0,R,UCLA,202723,
1,1610612750,2011,00,Wesley Johnson,Wesley,wesley-johnson,4,F-G,6-7,215,"JUL 11, 1987",24.0,1,Syracuse,202325,
2,1610612750,2011,00,Martell Webster,Martell,martell-webster,5,G-F,6-7,230,"DEC 04, 1986",25.0,6,Seattle Preparatory HS (WA),101110,
3,1610612750,2011,00,Derrick Williams,Derrick,derrick-williams,7,F,6-8,241,"MAY 25, 1991",21.0,R,Arizona,202682,
4,1610612750,2011,00,Michael Beasley,Michael,michael-beasley,8,F,6-10,235,"JAN 09, 1989",23.0,3,Kansas State,201563,
5,1610612750,2011,00,Ricky Rubio,Ricky,ricky-rubio,9,G,6-4,180,"OCT 21, 1990",21.0,R,FC Barcelona,201937,
6,1610612750,2011,00,J.J. Barea,J.J.,jj-barea,11,G,6-0,175,"JUN 26, 1984",28.0,5,Northeastern,200826,
7,1610612750,2011,00,Luke Ridnour,Luke,luke-ridnour,13,G,6-2,175,"FEB 13, 1981",31.0,8,Oregon,2557,
8,1610612750,2011,00,Nikola Pekovic,Nikola,nikola-pekovic,14,C,6-11,290,"JAN 03, 1986",26.0,1,Panathinaikos,201593,
9,1610612750,2011,00,Anthony Randolph,Anthony,anthony-randolph,15,F,6-11,225,"JUL 15, 1989",22.0,3,Louisiana State,201576,
10,1610612750,2011,00,Wayne Ellington,Wayne,wayne-ellington,22,G,6-4,200,"NOV 29, 1987",24.0,2,North Carolina,201961,
11,1610612750,2011,00,Darko Milicic,Darko,darko-milicic,31,C,7-0,275,"JUN 20, 1985",27.0,8,Hemoform,2545,
12,1610612750,2011,00,Kevin Love,Kevin,kevin-love,42,F-C,6-10,260,"SEP 07, 1988",23.0,3,UCLA,201567,
13,1610612750,2011,00,Anthony Tolliver,Anthony,anthony-tolliver,44,F,6-8,240,"JUN 01, 1985",27.0,3,Creighton,201229,
14,1610612750,2011,00,Brad Miller,Brad,brad-miller,52,C-F,7-0,261,"APR 12, 1976",36.0,13,Purdue,1802,
0,1610612750,2010,00,Sebastian Telfair,Sebastian,sebastian-telfair,3,G,6-0,175,"JUN 09, 1985",26.0,6,Abraham Lincoln HS (NY),2742,
1,1610612750,2010,00,Wesley Johnson,Wesley,wesley-johnson,4,G-F,6-7,205,"JUL 11, 1987",23.0,R,Syracuse,202325,
2,1610612750,2010,00,Martell Webster,Martell,martell-webster,5,G-F,6-7,235,"DEC 04, 1986",24.0,5,Seattle Preparatory HS (WA),101110,
3,1610612750,2010,00,Michael Beasley,Michael,michael-beasley,8,F,6-10,235,"JAN 09, 1989",22.0,2,Kansas State,201563,
4,1610612750,2010,00,Jonny Flynn,Jonny,jonny-flynn,10,G,6-0,185,"FEB 06, 1989",22.0,1,Syracuse,201938,
5,1610612750,2010,00,Luke Ridnour,Luke,luke-ridnour,13,G,6-2,175,"FEB 13, 1981",30.0,7,Oregon,2557,
6,1610612750,2010,00,Nikola Pekovic,Nikola,nikola-pekovic,14,C,6-11,243,"JAN 03, 1986",25.0,R,Panathinaikos,201593,
7,1610612750,2010,00,Anthony Randolph,Anthony,anthony-randolph,15,F,6-11,225,"JUL 15, 1989",21.0,2,Louisiana State,201576,
8,1610612750,2010,00,Wayne Ellington,Wayne,wayne-ellington,19,G,6-4,200,"NOV 29, 1987",23.0,1,North Carolina,201961,
9,1610612750,2010,00,Darko Milicic,Darko,darko-milicic,31,C,7-0,275,"JUN 20, 1985",26.0,7,Hemoform,2545,
10,1610612750,2010,00,Lazar Hayward,Lazar,lazar-hayward,32,F,6-6,225,"NOV 26, 1986",24.0,R,Marquette,202351,
11,1610612750,2010,00,Kevin Love,Kevin,kevin-love,42,F-C,6-10,260,"SEP 07, 1988",22.0,2,UCLA,201567,
12,1610612750,2010,00,Anthony Tolliver,Anthony,anthony-tolliver,44,F,6-9,243,"JUN 01, 1985",26.0,2,Creighton,201229,
0,1610612750,2009,00,Ryan Hollins,Ryan,ryan-hollins,1,C,7-0,230,"OCT 10, 1984",25.0,3,UCLA,200797,
1,1610612750,2009,00,Damien Wilkins,Damien,damien-wilkins,3,F-G,6-6,225,"JAN 11, 1980",30.0,5,Georgia,2863,
2,1610612750,2009,00,Oleksiy Pecherov,Oleksiy,oleksiy-pecherov,4,F-C,7-0,234,"DEC 08, 1985",24.0,2,Kyiv,200762,
3,1610612750,2009,00,Ramon Sessions,Ramon,ramon-sessions,7,G,6-3,190,"APR 11, 1986",24.0,2,Nevada-Reno,201196,
4,1610612750,2009,00,Ryan Gomes,Ryan,ryan-gomes,8,F,6-7,245,"SEP 01, 1982",27.0,4,Providence,101155,
5,1610612750,2009,00,Jonny Flynn,Jonny,jonny-flynn,10,G,6-0,185,"FEB 06, 1989",21.0,R,Syracuse,201938,
6,1610612750,2009,00,Sasha Pavlovic,Sasha,sasha-pavlovic,11,G-F,6-7,235,"NOV 15, 1983",26.0,6,Buducnost,2562,
7,1610612750,2009,00,Brian Cardinal,Brian,brian-cardinal,14,F,6-8,240,"MAY 02, 1977",33.0,9,Purdue,2073,
8,1610612750,2009,00,Nathan Jawai,Nathan,nathan-jawai,15,F,6-10,280,"OCT 10, 1986",23.0,1,Midland (Texas),201605,
9,1610612750,2009,00,Wayne Ellington,Wayne,wayne-ellington,19,G,6-4,200,"NOV 29, 1987",22.0,R,North Carolina,201961,
10,1610612750,2009,00,Corey Brewer,Corey,corey-brewer,22,G-F,6-9,188,"MAR 05, 1986",24.0,2,Florida,201147,
11,1610612750,2009,00,Al Jefferson,Al,al-jefferson,25,C-F,6-10,265,"JAN 04, 1985",25.0,5,Prentiss HS (MS),2744,
12,1610612750,2009,00,Darko Milicic,Darko,darko-milicic,31,C,7-0,275,"JUN 20, 1985",25.0,6,Hemoform,2545,
13,1610612750,2009,00,Greg Stiemsma,Greg,greg-stiemsma,34,C,6-11,260,"SEP 26, 1985",24.0,R,Wisconsin,201880,
14,1610612750,2009,00,Kevin Love,Kevin,kevin-love,42,F-C,6-10,260,"SEP 07, 1988",21.0,1,UCLA,201567,
0,1610612750,2008,00,Bobby Brown,Bobby,bobby-brown,1,G,6-2,175,"SEP 24, 1984",24.0,R,Cal State-Fullerton,201628,
1,1610612750,2008,00,Sebastian Telfair,Sebastian,sebastian-telfair,3,G,6-0,175,"JUN 09, 1985",24.0,4,Abraham Lincoln HS (NY),2742,
2,1610612750,2008,00,Randy Foye,Randy,randy-foye,4,G,6-4,213,"SEP 24, 1983",25.0,2,Villanova,200751,
3,1610612750,2008,00,Craig Smith,Craig,craig-smith,5,F,6-7,250,"NOV 10, 1983",25.0,2,Boston College,200783,
4,1610612750,2008,00,Ryan Gomes,Ryan,ryan-gomes,8,F,6-7,245,"SEP 01, 1982",26.0,3,Providence,101155,
5,1610612750,2008,00,Rodney Carney,Rodney,rodney-carney,10,F,6-7,201,"APR 05, 1984",25.0,2,Memphis,200760,
6,1610612750,2008,00,Kevin Ollie,Kevin,kevin-ollie,12,G,6-2,195,"DEC 27, 1972",36.0,11,Connecticut,1563,
7,1610612750,2008,00,Brian Cardinal,Brian,brian-cardinal,14,F,6-8,240,"MAY 02, 1977",32.0,8,Purdue,2073,
8,1610612750,2008,00,Corey Brewer,Corey,corey-brewer,22,F,6-9,188,"MAR 05, 1986",23.0,1,Florida,201147,
9,1610612750,2008,00,Shelden Williams,Shelden,shelden-williams,23,F-C,6-9,250,"OCT 21, 1983",25.0,2,Duke,200749,
10,1610612750,2008,00,Al Jefferson,Al,al-jefferson,25,C-F,6-10,265,"JAN 04, 1985",24.0,4,Prentiss HS (MS),2744,
11,1610612750,2008,00,Mike Miller,Mike,mike-miller,33,G-F,6-8,218,"FEB 19, 1980",29.0,8,Florida,2034,
12,1610612750,2008,00,Jason Collins,Jason,jason-collins,34,C,7-0,255,"DEC 02, 1978",30.0,7,Stanford,2215,
13,1610612750,2008,00,Mark Madsen,Mark,mark-madsen,35,F,6-9,255,"JAN 28, 1976",33.0,8,Stanford,2058,
14,1610612750,2008,00,Kevin Love,Kevin,kevin-love,42,F-C,6-10,260,"SEP 07, 1988",20.0,R,UCLA,201567,
0,1610612750,2007,00,Rashad McCants,Rashad,rashad-mccants,1,G,6-4,210,"SEP 25, 1984",23.0,2,North Carolina,101119,
1,1610612750,2007,00,Sebastian Telfair,Sebastian,sebastian-telfair,3,G,6-0,175,"JUN 09, 1985",23.0,3,Abraham Lincoln HS (NY),2742,
2,1610612750,2007,00,Randy Foye,Randy,randy-foye,4,G,6-4,213,"SEP 24, 1983",24.0,1,Villanova,200751,
3,1610612750,2007,00,Craig Smith,Craig,craig-smith,5,F-C,6-8,250,"NOV 10, 1983",24.0,1,Boston College,200783,
4,1610612750,2007,00,Greg Buckner,Greg,greg-buckner,7,G-F,6-4,210,"SEP 16, 1976",31.0,8,Clemson,1761,
5,1610612750,2007,00,Ryan Gomes,Ryan,ryan-gomes,8,F,6-7,250,"SEP 01, 1982",25.0,2,Providence,101155,
6,1610612750,2007,00,Corey Brewer,Corey,corey-brewer,22,F-G,6-9,185,"MAR 05, 1986",22.0,R,Florida,201147,
7,1610612750,2007,00,Antoine Walker,Antoine,antoine-walker,24,F,6-9,245,"AUG 12, 1976",31.0,11,Kentucky,952,
8,1610612750,2007,00,Al Jefferson,Al,al-jefferson,25,C-F,6-10,265,"JAN 04, 1985",23.0,3,Prentiss HS (MS),2744,
9,1610612750,2007,00,Kirk Snyder,Kirk,kirk-snyder,30,F-G,6-6,225,"JUN 05, 1983",25.0,3,Nevada-Reno,2745,
10,1610612750,2007,00,Chris Richard,Chris,chris-richard,32,F,6-9,270,"DEC 25, 1984",23.0,R,Florida,201181,
11,1610612750,2007,00,Mark Madsen,Mark,mark-madsen,35,C-F,6-9,250,"JAN 28, 1976",32.0,7,Stanford,2058,
12,1610612750,2007,00,Michael Doleac,Michael,michael-doleac,51,C,6-11,262,"JUN 15, 1977",31.0,9,Utah,1720,
13,1610612750,2007,00,Marko Jaric,Marko,marko-jaric,55,G,6-7,224,"DEC 10, 1978",29.0,5,Virtus Bologna,2060,
0,1610612750,2006,00,Rashad McCants,Rashad,rashad-mccants,1,G,6-4,226,"SEP 25, 1984",22.0,1,North Carolina,101119,
1,1610612750,2006,00,Randy Foye,Randy,randy-foye,4,G,6-4,213,"SEP 24, 1983",23.0,R,Villanova,200751,
2,1610612750,2006,00,Craig Smith,Craig,craig-smith,5,F,6-7,272,"NOV 10, 1983",23.0,R,Boston College,200783,
3,1610612750,2006,00,Bracey Wright,Bracey,bracey-wright,6,G,6-3,201,"JUL 01, 1984",22.0,1,Indiana,101152,
4,1610612750,2006,00,Troy Hudson,Troy,troy-hudson,16,G,6-1,178,"MAR 13, 1976",31.0,9,Southern Illinois,1607,
5,1610612750,2006,00,Kevin Garnett,Kevin,kevin-garnett,21,F,6-11,253,"MAY 19, 1976",31.0,11,Farragut Academy HS (IL),708,
6,1610612750,2006,00,Trenton Hassell,Trenton,trenton-hassell,23,F,6-5,233,"MAR 04, 1979",28.0,5,Austin Peay,2239,
7,1610612750,2006,00,Mark Blount,Mark,mark-blount,30,C,7-0,250,"NOV 30, 1975",31.0,6,Pittsburgh,1548,
8,1610612750,2006,00,Ricky Davis,Ricky,ricky-davis,31,G,6-7,226,"SEP 23, 1979",27.0,8,Iowa,1729,
9,1610612750,2006,00,Mark Madsen,Mark,mark-madsen,35,C-F,6-9,250,"JAN 28, 1976",31.0,6,Stanford,2058,
10,1610612750,2006,00,Marko Jaric,Marko,marko-jaric,55,G,6-7,224,"DEC 10, 1978",28.0,4,Virtus Bologna,2060,
0,1610612750,2005,00,Rashad McCants,Rashad,rashad-mccants,1,G,6-4,207,"SEP 25, 1984",21.0,R,North Carolina,101119,
1,1610612750,2005,00,Marcus Banks,Marcus,marcus-banks,3,G,6-2,200,"NOV 19, 1981",24.0,2,UNLV,2556,
2,1610612750,2005,00,Bracey Wright,Bracey,bracey-wright,6,G,6-3,210,"JUL 01, 1984",21.0,R,Indiana,101152,
3,1610612750,2005,00,Anthony Carter,Anthony,anthony-carter,7,G,6-2,195,"JUN 16, 1975",31.0,6,Hawaii,1853,
4,1610612750,2005,00,Justin Reed,Justin,justin-reed,9,F,6-8,240,"JAN 16, 1982",24.0,1,Mississippi,2770,
5,1610612750,2005,00,Ronald Dupree,Ronald,ronald-dupree,12,F,6-7,209,"JAN 26, 1981",25.0,2,Louisiana State,2648,
6,1610612750,2005,00,Troy Hudson,Troy,troy-hudson,16,G,6-1,170,"MAR 13, 1976",30.0,8,Southern Illinois,1607,
7,1610612750,2005,00,Kevin Garnett,Kevin,kevin-garnett,21,F,6-11,220,"MAY 19, 1976",30.0,10,Farragut Academy HS (IL),708,
8,1610612750,2005,00,Trenton Hassell,Trenton,trenton-hassell,23,G,6-5,200,"MAR 04, 1979",27.0,4,Austin Peay,2239,
9,1610612750,2005,00,Mark Blount,Mark,mark-blount,30,C,7-0,250,"NOV 30, 1975",30.0,5,Pittsburgh,1548,
10,1610612750,2005,00,Ricky Davis,Ricky,ricky-davis,31,G,6-7,195,"SEP 23, 1979",26.0,7,Iowa,1729,
11,1610612750,2005,00,Mark Madsen,Mark,mark-madsen,35,C-F,6-9,236,"JAN 28, 1976",30.0,5,Stanford,2058,
12,1610612750,2005,00,Eddie Griffin,Eddie,eddie-griffin,41,C,6-10,240,"MAY 30, 1982",24.0,3,Seton Hall,2204,
13,1610612750,2005,00,Marko Jaric,Marko,marko-jaric,55,G,6-7,217,"DEC 10, 1978",27.0,3,Virtus Bologna,2060,
0,1610612750,2004,00,Anthony Carter,Anthony,anthony-carter,7,G,6-2,195,"JUN 16, 1975",30.0,5,Hawaii,1853,
1,1610612750,2004,00,Latrell Sprewell,Latrell,latrell-sprewell,8,G,6-5,195,"SEP 08, 1970",34.0,12,Alabama,84,
2,1610612750,2004,00,Wally Szczerbiak,Wally,wally-szczerbiak,10,F,6-7,244,"MAR 05, 1977",28.0,5,Miami (Ohio),1887,
3,1610612750,2004,00,John Thomas,John,john-thomas,12,C,6-9,265,"SEP 08, 1975",29.0,3,Minnesota,1519,
4,1610612750,2004,00,Sam Cassell,Sam,sam-cassell,19,G,6-3,185,"NOV 18, 1969",35.0,11,Florida State,208,
5,1610612750,2004,00,Kevin Garnett,Kevin,kevin-garnett,21,F,6-11,220,"MAY 19, 1976",29.0,9,Farragut Academy HS (IL),708,
6,1610612750,2004,00,Trenton Hassell,Trenton,trenton-hassell,23,G,6-5,200,"MAR 04, 1979",26.0,3,Austin Peay,2239,
7,1610612750,2004,00,Fred Hoiberg,Fred,fred-hoiberg,32,G,6-5,210,"OCT 15, 1972",32.0,9,Iowa State,697,
8,1610612750,2004,00,Michael Olowokandi,Michael,michael-olowokandi,34,C,7-0,270,"APR 03, 1975",30.0,6,Pacific,1709,
9,1610612750,2004,00,Ervin Johnson,Ervin,ervin-johnson,40,C,6-11,245,"DEC 21, 1967",37.0,11,New Orleans,911,
10,1610612750,2004,00,Eddie Griffin,Eddie,eddie-griffin,41,F,6-10,240,"MAY 30, 1982",23.0,2,Seton Hall,2204,
11,1610612750,2004,00,Ndudi Ebi,Ndudi,ndudi-ebi,44,F,6-9,195,"JUN 18, 1984",21.0,1,Westbury Christian HS (TX),2569,
0,1610612750,2003,00,Oliver Miller,Oliver,oliver-miller,3,C,6-9,315,"APR 06, 1970",34.0,8,Arkansas,932,
1,1610612750,2003,00,Latrell Sprewell,Latrell,latrell-sprewell,8,F-G,6-5,195,"SEP 08, 1970",33.0,11,Alabama,84,
2,1610612750,2003,00,Wally Szczerbiak,Wally,wally-szczerbiak,10,G-F,6-7,235,"MAR 05, 1977",27.0,4,Miami (Ohio),1887,
3,1610612750,2003,00,Darrick Martin,Darrick,darrick-martin,15,G,5-11,170,"MAR 06, 1971",33.0,8,UCLA,239,
4,1610612750,2003,00,Troy Hudson,Troy,troy-hudson,16,G,6-1,170,"MAR 13, 1976",28.0,6,Southern Illinois,1607,
5,1610612750,2003,00,Sam Cassell,Sam,sam-cassell,19,G,6-3,185,"NOV 18, 1969",34.0,10,Florida State,208,
6,1610612750,2003,00,Gary Trent,Gary,gary-trent,20,F,6-8,250,"SEP 22, 1974",29.0,8,Ohio,718,
7,1610612750,2003,00,Kevin Garnett,Kevin,kevin-garnett,21,F,6-11,240,"MAY 19, 1976",28.0,8,Farragut Academy HS (IL),708,
8,1610612750,2003,00,Trenton Hassell,Trenton,trenton-hassell,23,G,6-5,200,"MAR 04, 1979",25.0,2,Austin Peay,2239,
9,1610612750,2003,00,Fred Hoiberg,Fred,fred-hoiberg,32,F-G,6-5,210,"OCT 15, 1972",31.0,8,Iowa State,697,
10,1610612750,2003,00,Michael Olowokandi,Michael,michael-olowokandi,34,C,7-0,270,"APR 03, 1975",29.0,5,Pacific,1709,
11,1610612750,2003,00,Mark Madsen,Mark,mark-madsen,35,F,6-9,245,"JAN 28, 1976",28.0,3,Stanford,2058,
12,1610612750,2003,00,Ervin Johnson,Ervin,ervin-johnson,40,C,6-11,255,"DEC 21, 1967",36.0,10,New Orleans,911,
13,1610612750,2003,00,Ndudi Ebi,Ndudi,ndudi-ebi,44,F,6-9,200,"JUN 18, 1984",20.0,R,Westbury Christian HS (TX),2569,
0,1610612750,2002,00,Maurice Evans,Maurice,maurice-evans,1,G,6-5,220,"NOV 08, 1978",24.0,1,Texas,2230,
1,1610612750,2002,00,Loren Woods,Loren,loren-woods,3,C,7-1,246,"JUN 21, 1978",25.0,1,Arizona,2254,
2,1610612750,2002,00,Terrell Brandon,Terrell,terrell-brandon,7,G,5-11,173,"MAY 20, 1970",33.0,11,Oregon,210,
3,1610612750,2002,00,Rasho Nesterovic,Rasho,rasho-nesterovic,8,C,7-0,248,"MAY 30, 1976",27.0,4,Virtus Bologna,1725,
4,1610612750,2002,00,Kendall Gill,Kendall,kendall-gill,9,G,6-5,215,"MAY 25, 1968",35.0,12,Illinois,383,
5,1610612750,2002,00,Wally Szczerbiak,Wally,wally-szczerbiak,10,G-F,6-7,244,"MAR 05, 1977",26.0,3,Miami (Ohio),1887,
6,1610612750,2002,00,Randy Livingston,Randy,randy-livingston,11,G,6-4,209,"APR 02, 1975",28.0,6,Louisiana State,988,
7,1610612750,2002,00,Felipe Lopez,Felipe,felipe-lopez,13,G-F,6-5,195,"DEC 19, 1974",28.0,4,St. John's (NY),1732,
8,1610612750,2002,00,Troy Hudson,Troy,troy-hudson,16,G,6-1,170,"MAR 13, 1976",27.0,5,Southern Illinois,1607,
9,1610612750,2002,00,Gary Trent,Gary,gary-trent,20,F,6-8,250,"SEP 22, 1974",28.0,7,Ohio,718,
10,1610612750,2002,00,Kevin Garnett,Kevin,kevin-garnett,21,F,6-11,220,"MAY 19, 1976",27.0,7,Farragut Academy HS (IL),708,
11,1610612750,2002,00,Marc Jackson,Marc,marc-jackson,25,F-C,6-10,270,"JAN 16, 1975",28.0,2,Temple,1531,
12,1610612750,2002,00,Joe Smith,Joe,joe-smith,32,F,6-10,225,"JUL 26, 1975",27.0,7,Maryland,693,
13,1610612750,2002,00,Reggie Slater,Reggie,reggie-slater,35,F,6-7,255,"AUG 27, 1970",32.0,7,Wyoming,1073,
14,1610612750,2002,00,Igor Rakocevic,Igor,igor-rakocevic,36,G,6-2,184,"MAR 29, 1978",25.0,R,Buducnost,2080,
15,1610612750,2002,00,Anthony Peeler,Anthony,anthony-peeler,44,G,6-4,208,"NOV 25, 1969",33.0,10,Missouri,324,
0,1610612750,2001,00,Loren Woods,Loren,loren-woods,3,C,7-1,246,"JUN 21, 1978",24.0,R,Arizona,2254,
1,1610612750,2001,00,Chauncey Billups,Chauncey,chauncey-billups,4,G,6-3,202,"SEP 25, 1976",25.0,4,Colorado,1497,
2,1610612750,2001,00,Rasho Nesterovic,Rasho,rasho-nesterovic,8,C,7-0,248,"MAY 30, 1976",26.0,3,Virtus Bologna,1725,
3,1610612750,2001,00,Wally Szczerbiak,Wally,wally-szczerbiak,10,G-F,6-7,244,"MAR 05, 1977",25.0,2,Miami (Ohio),1887,
4,1610612750,2001,00,Felipe Lopez,Felipe,felipe-lopez,13,G-F,6-5,195,"DEC 19, 1974",27.0,3,St. John's (NY),1732,
5,1610612750,2001,00,Robert Pack,Robert,robert-pack,14,G,6-2,190,"FEB 03, 1969",33.0,10,Southern California,123,
6,1610612750,2001,00,Gary Trent,Gary,gary-trent,20,F,6-8,250,"SEP 22, 1974",27.0,6,Ohio,718,
7,1610612750,2001,00,Kevin Garnett,Kevin,kevin-garnett,21,F,6-11,220,"MAY 19, 1976",26.0,6,Farragut Academy HS (IL),708,
8,1610612750,2001,00,Marc Jackson,Marc,marc-jackson,25,F-C,6-10,270,"JAN 16, 1975",27.0,1,Temple,1531,
9,1610612750,2001,00,Joe Smith,Joe,joe-smith,32,F,6-10,225,"JUL 26, 1975",26.0,6,Maryland,693,
10,1610612750,2001,00,Sam Mitchell,Sam,sam-mitchell,42,F,6-7,215,"SEP 02, 1963",38.0,12,Mercer,417,
11,1610612750,2001,00,Anthony Peeler,Anthony,anthony-peeler,44,G,6-4,208,"NOV 25, 1969",32.0,9,Missouri,324,
0,1610612750,2000,00,LaPhonso Ellis,LaPhonso,laphonso-ellis,3,C-F,6-8,240,"MAY 05, 1970",31.0,8,Notre Dame,111,
1,1610612750,2000,00,Chauncey Billups,Chauncey,chauncey-billups,4,G,6-3,202,"SEP 25, 1976",24.0,3,Colorado,1497,
2,1610612750,2000,00,William Avery,William,william-avery,5,G,6-2,197,"AUG 08, 1979",21.0,1,Duke,1895,
3,1610612750,2000,00,Terrell Brandon,Terrell,terrell-brandon,7,G,5-11,173,"MAY 20, 1970",31.0,9,Oregon,210,
4,1610612750,2000,00,Rasho Nesterovic,Rasho,rasho-nesterovic,8,C,7-0,250,"MAY 30, 1976",25.0,2,Virtus Bologna,1725,
5,1610612750,2000,00,Wally Szczerbiak,Wally,wally-szczerbiak,10,F,6-7,244,"MAR 05, 1977",24.0,1,Miami (Ohio),1887,
6,1610612750,2000,00,Felipe Lopez,Felipe,felipe-lopez,13,G-F,6-5,195,"DEC 19, 1974",26.0,2,St. John's (NY),1732,
7,1610612750,2000,00,Kevin Garnett,Kevin,kevin-garnett,21,F,6-11,220,"MAY 19, 1976",25.0,5,Farragut Academy HS (IL),708,
8,1610612750,2000,00,Dean Garrett,Dean,dean-garrett,22,C,6-11,250,"NOV 27, 1966",34.0,4,Indiana,1051,
9,1610612750,2000,00,Reggie Slater,Reggie,reggie-slater,35,F,6-7,255,"AUG 27, 1970",30.0,5,Wyoming,1073,
10,1610612750,2000,00,Sam Mitchell,Sam,sam-mitchell,42,F,6-7,215,"SEP 02, 1963",37.0,11,Mercer,417,
11,1610612750,2000,00,Anthony Peeler,Anthony,anthony-peeler,44,G,6-4,208,"NOV 25, 1969",31.0,8,Missouri,324,
0,1610612750,1999,00,Anthony Peeler,Anthony,anthony-peeler,1,G,6-4,208,"NOV 25, 1969",30.0,7,Missouri,324,
1,1610612750,1999,00,Malik Sealy,Malik,malik-sealy,2,G-F,6-8,200,"FEB 01, 1970",30.0,7,St. John's (NY),907,
2,1610612750,1999,00,William Avery,William,william-avery,5,G,6-2,180,"AUG 08, 1979",20.0,R,Duke,1895,
3,1610612750,1999,00,Terrell Brandon,Terrell,terrell-brandon,7,G,5-11,173,"MAY 20, 1970",30.0,8,Oregon,210,
4,1610612750,1999,00,Rasho Nesterovic,Rasho,rasho-nesterovic,8,C,7-0,248,"MAY 30, 1976",24.0,1,Virtus Bologna,1725,
5,1610612750,1999,00,Wally Szczerbiak,Wally,wally-szczerbiak,10,F,6-7,243,"MAR 05, 1977",23.0,R,Miami (Ohio),1887,
6,1610612750,1999,00,Tom Hammonds,Tom,tom-hammonds,20,F,6-9,225,"MAR 27, 1967",33.0,10,Georgia Tech,67,
7,1610612750,1999,00,Kevin Garnett,Kevin,kevin-garnett,21,F,6-11,220,"MAY 19, 1976",24.0,4,Farragut Academy HS (IL),708,
8,1610612750,1999,00,Dean Garrett,Dean,dean-garrett,22,C,6-11,250,"NOV 27, 1966",33.0,3,Indiana,1051,
9,1610612750,1999,00,Bobby Jackson,Bobby,bobby-jackson,24,G,6-1,185,"MAR 13, 1973",27.0,2,Minnesota,1517,
10,1610612750,1999,00,Joe Smith,Joe,joe-smith,32,F,6-10,225,"JUL 26, 1975",24.0,4,Maryland,693,
11,1610612750,1999,00,Sam Mitchell,Sam,sam-mitchell,42,F,6-7,215,"SEP 02, 1963",36.0,10,Mercer,417,
0,1610612750,1998,00,Anthony Peeler,Anthony,anthony-peeler,1,G,6-4,208,"NOV 25, 1969",29.0,6,Missouri,324,
1,1610612750,1998,00,Malik Sealy,Malik,malik-sealy,2,G-F,6-8,200,"FEB 01, 1970",29.0,6,St. John's (NY),907,
2,1610612750,1998,00,Terrell Brandon,Terrell,terrell-brandon,7,G,5-11,173,"MAY 20, 1970",29.0,7,Oregon,210,
3,1610612750,1998,00,Rasho Nesterovic,Rasho,rasho-nesterovic,8,C,7-0,248,"MAY 30, 1976",23.0,R,Virtus Bologna,1725,
4,1610612750,1998,00,Tom Hammonds,Tom,tom-hammonds,20,F,6-9,225,"MAR 27, 1967",32.0,9,Georgia Tech,67,
5,1610612750,1998,00,Kevin Garnett,Kevin,kevin-garnett,21,F,6-11,220,"MAY 19, 1976",23.0,3,Farragut Academy HS (IL),708,
6,1610612750,1998,00,Dean Garrett,Dean,dean-garrett,22,C,6-11,250,"NOV 27, 1966",32.0,2,Indiana,1051,
7,1610612750,1998,00,Bobby Jackson,Bobby,bobby-jackson,24,G,6-1,185,"MAR 13, 1973",26.0,1,Minnesota,1517,
8,1610612750,1998,00,James Robinson,James,james-robinson,26,G,6-2,180,"AUG 31, 1970",28.0,5,Alabama,381,
9,1610612750,1998,00,Joe Smith,Joe,joe-smith,32,F,6-10,225,"JUL 26, 1975",23.0,3,Maryland,693,
10,1610612750,1998,00,Sam Mitchell,Sam,sam-mitchell,42,F-C,6-7,215,"SEP 02, 1963",35.0,9,Mercer,417,
11,1610612750,1998,00,Andrae Patterson,Andrae,andrae-patterson,45,F,6-9,238,"NOV 12, 1975",23.0,R,Indiana,1754,
0,1610612750,1997,00,Anthony Peeler,Anthony,anthony-peeler,1,G,6-4,208,"NOV 25, 1969",28.0,5,Missouri,324,
1,1610612750,1997,00,Stephon Marbury,Stephon,stephon-marbury,3,G,6-2,180,"FEB 20, 1977",21.0,1,Georgia Tech,950,
2,1610612750,1997,00,Micheal Williams,Micheal,micheal-williams,4,G,6-2,175,"JUL 23, 1966",31.0,9,Baylor,52,
3,1610612750,1997,00,Bill Curley,Bill,bill-curley,15,F,6-9,245,"MAY 29, 1972",26.0,3,Boston College,223,
4,1610612750,1997,00,Tom Hammonds,Tom,tom-hammonds,20,F,6-9,225,"MAR 27, 1967",31.0,8,Georgia Tech,67,
5,1610612750,1997,00,Kevin Garnett,Kevin,kevin-garnett,21,F,6-11,220,"MAY 19, 1976",22.0,2,Farragut Academy HS (IL),708,
6,1610612750,1997,00,Terry Porter,Terry,terry-porter,30,G,6-3,195,"APR 08, 1963",35.0,12,Wisconsin-Stevens Point,345,
7,1610612750,1997,00,Reggie Jordan,Reggie,reggie-jordan,31,G,6-4,195,"JAN 26, 1968",30.0,3,New Mexico State,674,
8,1610612750,1997,00,DeJuan Wheat,DeJuan,dejuan-wheat,32,G,6-0,165,"OCT 14, 1973",24.0,R,Louisville,1545,
9,1610612750,1997,00,Sam Mitchell,Sam,sam-mitchell,42,F,6-7,215,"SEP 02, 1963",34.0,8,Mercer,417,
10,1610612750,1997,00,Cherokee Parks,Cherokee,cherokee-parks,44,C-F,6-11,240,"OCT 11, 1972",25.0,2,Duke,685,
11,1610612750,1997,00,Stanley Roberts,Stanley,stanley-roberts,53,C,7-0,290,"FEB 07, 1970",28.0,6,Louisiana State,914,
0,1610612750,1996,00,Stephon Marbury,Stephon,stephon-marbury,3,G,6-2,180,"FEB 20, 1977",20.0,R,Georgia Tech,950,
1,1610612750,1996,00,Doug West,Doug,doug-west,5,G,6-6,220,"MAY 27, 1967",30.0,7,Villanova,28,
2,1610612750,1996,00,Shane Heal,Shane,shane-heal,10,G,6-0,180,"SEP 06, 1970",26.0,R,Sydney Kings,1049,
3,1610612750,1996,00,Stojko Vrankovic,Stojko,stojko-vrankovic,11,C,7-2,260,"JAN 22, 1964",33.0,2,Aris,1037,
4,1610612750,1996,00,Kevin Garnett,Kevin,kevin-garnett,21,F,6-11,220,"MAY 19, 1976",21.0,1,Farragut Academy HS (IL),708,
5,1610612750,1996,00,Dean Garrett,Dean,dean-garrett,22,C,6-11,250,"NOV 27, 1966",30.0,R,Indiana,1051,
6,1610612750,1996,00,Tom Gugliotta,Tom,tom-gugliotta,24,F,6-10,240,"DEC 19, 1969",27.0,4,North Carolina State,339,
7,1610612750,1996,00,James Robinson,James,james-robinson,26,G,6-2,180,"AUG 31, 1970",26.0,3,Alabama,381,
8,1610612750,1996,00,Terry Porter,Terry,terry-porter,30,G,6-3,195,"APR 08, 1963",34.0,11,Wisconsin-Stevens Point,345,
9,1610612750,1996,00,Sam Mitchell,Sam,sam-mitchell,42,F,6-7,215,"SEP 02, 1963",33.0,7,Mercer,417,
10,1610612750,1996,00,Chris Carr,Chris,chris-carr,43,G-F,6-6,220,"MAR 12, 1974",23.0,1,Southern Illinois,713,
11,1610612750,1996,00,Cherokee Parks,Cherokee,cherokee-parks,44,F,6-11,240,"OCT 11, 1972",24.0,1,Duke,685,
0,1610612750,1995,00,Charles Smith,Charles,charles-smith,,F,6-1,160,"NOV 29, 1967",28.0,2,Georgetown,78179,
1,1610612750,1995,00,Spud Webb,Spud,spud-webb,4,G,5-7,133,"JUL 13, 1963",32.0,10,North Carolina State,892,
2,1610612750,1995,00,Micheal Williams,Micheal,micheal-williams,4,G,6-2,175,"JUL 23, 1966",29.0,7,Baylor,52,
3,1610612750,1995,00,Doug West,Doug,doug-west,5,G-F,6-6,220,"MAY 27, 1967",29.0,6,Villanova,28,
4,1610612750,1995,00,Mark Davis,Mark,mark-davis,7,G-F,6-7,210,"APR 26, 1973",23.0,R,Texas Tech,707,
5,1610612750,1995,00,Kevin Garnett,Kevin,kevin-garnett,21,F,6-11,220,"MAY 19, 1976",20.0,R,Farragut Academy HS (IL),708,
6,1610612750,1995,00,Tom Gugliotta,Tom,tom-gugliotta,24,F,6-10,240,"DEC 19, 1969",26.0,3,North Carolina State,339,
7,1610612750,1995,00,Andrew Lang,Andrew,andrew-lang,28,C,6-11,250,"JUN 28, 1966",30.0,7,Arkansas,457,
8,1610612750,1995,00,Terry Porter,Terry,terry-porter,30,G,6-3,195,"APR 08, 1963",33.0,10,Wisconsin-Stevens Point,345,
9,1610612750,1995,00,Marques Bragg,Marques,marques-bragg,33,F,6-8,230,"MAR 24, 1970",26.0,R,Providence,66,
10,1610612750,1995,00,Isaiah Rider,Isaiah,isaiah-rider,34,G,6-5,222,"MAR 12, 1971",25.0,2,UNLV,375,
11,1610612750,1995,00,Eric Riley,Eric,eric-riley,40,C,7-0,245,"JUN 02, 1970",26.0,2,Michigan,35,
12,1610612750,1995,00,Sam Mitchell,Sam,sam-mitchell,42,F,6-7,215,"SEP 02, 1963",32.0,6,Mercer,417,
13,1610612750,1995,00,Jerome Allen,Jerome,jerome-allen,53,G,6-4,184,"JAN 28, 1973",23.0,R,Pennsylvania,706,
0,1610612750,1994,00,Mike Brown,Mike,mike-brown,40,C,6-10,257,"JUL 19, 1963",31.0,8,George Washington,1479,
1,1610612750,1994,00,Pat Durham,Pat,pat-durham,30,F,6-7,210,"MAR 10, 1967",28.0,1,Colorado State,1090,
2,1610612750,1994,00,Greg Foster,Greg,greg-foster,44,C,6-11,240,"OCT 03, 1968",26.0,4,Texas-El Paso,323,
3,1610612750,1994,00,Winston Garland,Winston,winston-garland,22,G,6-2,170,"DEC 19, 1964",30.0,6,Missouri State,76782,
4,1610612750,1994,00,Andres Guibert,Andres,andres-guibert,51,C,6-10,225,"OCT 28, 1968",26.0,1,Cantera Instituto,76903,
5,1610612750,1994,00,Askia Jones,Askia,askia-jones,2,F,6-5,200,"DEC 03, 1971",23.0,R,Kansas State,77174,
6,1610612750,1994,00,Stacey King,Stacey,stacey-king,21,C,6-11,230,"JAN 29, 1967",28.0,5,Oklahoma,351,
7,1610612750,1994,00,Christian Laettner,Christian,christian-laettner,32,F,6-11,245,"AUG 17, 1969",25.0,2,Duke,363,
8,1610612750,1994,00,Darrick Martin,Darrick,darrick-martin,15,G,5-11,170,"MAR 06, 1971",24.0,R,UCLA,239,
9,1610612750,1994,00,Isaiah Rider,Isaiah,isaiah-rider,34,G,6-5,215,"MAR 12, 1971",24.0,1,UNLV,375,
10,1610612750,1994,00,Sean Rooks,Sean,sean-rooks,45,C,6-10,250,"SEP 09, 1969",25.0,2,Arizona,399,
11,1610612750,1994,00,Charles Shackleford,Charles,charles-shackleford,17,C,6-10,225,"APR 22, 1966",29.0,4,North Carolina State,1593,
12,1610612750,1994,00,Chris Smith,Chris,chris-smith,3,G,6-3,190,"MAY 17, 1970",25.0,2,Connecticut,1814,
13,1610612750,1994,00,Doug West,Doug,doug-west,5,G,6-6,200,"MAY 27, 1967",28.0,5,Villanova,28,
14,1610612750,1994,00,Micheal Williams,Micheal,micheal-williams,4,G,6-2,175,"JUL 23, 1966",28.0,6,Baylor,52,
0,1610612750,1993,00,Thurl Bailey,Thurl,thurl-bailey,41,F,6-11,215,"APR 07, 1961",33.0,10,North Carolina State,1847,
1,1610612750,1993,00,Mike Brown,Mike,mike-brown,40,C,6-10,257,"JUL 19, 1963",30.0,7,George Washington,1479,
2,1610612750,1993,00,Brian Davis,Brian,brian-davis,23,F,6-7,200,"JUN 21, 1970",24.0,R,Duke,76517,
3,1610612750,1993,00,Tellis Frank,Tellis,tellis-frank,32,F,6-10,225,"APR 26, 1965",29.0,4,Western Kentucky,76748,
4,1610612750,1993,00,Andres Guibert,Andres,andres-guibert,51,C,6-10,225,"OCT 28, 1968",25.0,R,Cantera Instituto,76903,
5,1610612750,1993,00,Stanley Jackson,Stanley,stanley-jackson,7,G,6-3,185,"OCT 10, 1970",23.0,R,Alabama-Birmingham,77109,
6,1610612750,1993,00,Stacey King,Stacey,stacey-king,21,C,6-11,230,"JAN 29, 1967",27.0,4,Oklahoma,351,
7,1610612750,1993,00,Christian Laettner,Christian,christian-laettner,32,F-C,6-11,245,"AUG 17, 1969",24.0,1,Duke,363,
8,1610612750,1993,00,Marlon Maxey,Marlon,marlon-maxey,25,F,6-8,250,"FEB 19, 1969",25.0,1,Texas-El Paso,77486,
9,1610612750,1993,00,Chuck Person,Chuck,chuck-person,45,F,6-8,220,"JUN 27, 1964",30.0,7,Auburn,456,
10,1610612750,1993,00,Isaiah Rider,Isaiah,isaiah-rider,34,G,6-5,215,"MAR 12, 1971",23.0,R,UNLV,375,
11,1610612750,1993,00,Chris Smith,Chris,chris-smith,3,G,6-3,190,"MAY 17, 1970",24.0,1,Connecticut,1814,
12,1610612750,1993,00,Doug West,Doug,doug-west,5,G,6-6,200,"MAY 27, 1967",27.0,4,Villanova,28,
13,1610612750,1993,00,Micheal Williams,Micheal,micheal-williams,4,G,6-2,175,"JUL 23, 1966",27.0,5,Baylor,52,
14,1610612750,1993,00,Corey Williams,Corey,corey-williams,12,G,6-3,190,"AUG 08, 1977",16.0,1,Oklahoma State,101258,
0,1610612750,1992,00,Thurl Bailey,Thurl,thurl-bailey,41,F,6-11,215,"APR 07, 1961",32.0,9,North Carolina State,1847,
1,1610612750,1992,00,Lance Blanks,Lance,lance-blanks,21,G,6-4,190,"SEP 09, 1966",26.0,2,Texas-Austin,76183,
2,1610612750,1992,00,Christian Laettner,Christian,christian-laettner,32,F-C,6-11,245,"AUG 17, 1969",23.0,R,Duke,363,
3,1610612750,1992,00,Luc Longley,Luc,luc-longley,13,C,7-2,265,"JAN 19, 1969",24.0,1,New Mexico,26,
4,1610612750,1992,00,Marlon Maxey,Marlon,marlon-maxey,25,F,6-8,250,"FEB 19, 1969",24.0,R,Texas-El Paso,77486,
5,1610612750,1992,00,Bob McCann,Bob,bob-mccann,30,F,6-6,244,"APR 22, 1964",29.0,2,Morehead State,737,
6,1610612750,1992,00,Chuck Person,Chuck,chuck-person,45,F,6-8,220,"JUN 27, 1964",29.0,6,Auburn,456,
7,1610612750,1992,00,Brad Sellers,Brad,brad-sellers,4,F,7-0,210,"DEC 17, 1962",30.0,5,Ohio State,78110,
8,1610612750,1992,00,Chris Smith,Chris,chris-smith,3,G,6-3,190,"MAY 17, 1970",23.0,R,Connecticut,1814,
9,1610612750,1992,00,Felton Spencer,Felton,felton-spencer,50,C,7-0,265,"JAN 05, 1968",25.0,2,Louisville,280,
10,1610612750,1992,00,Gundars Vetra,Gundars,gundars-vetra,2,F,6-6,195,"MAY 22, 1967",26.0,R,VEF Riga,78415,
11,1610612750,1992,00,Doug West,Doug,doug-west,5,G,6-6,200,"MAY 27, 1967",26.0,3,Villanova,28,
12,1610612750,1992,00,Micheal Williams,Micheal,micheal-williams,24,G,6-2,175,"JUL 23, 1966",26.0,4,Baylor,52,
0,1610612750,1991,00,Thurl Bailey,Thurl,thurl-bailey,41,F,6-11,215,"APR 07, 1961",31.0,8,North Carolina State,1847,
1,1610612750,1991,00,Randy Breuer,Randy,randy-breuer,45,C,7-3,230,"OCT 11, 1960",31.0,8,Minnesota,76247,
2,1610612750,1991,00,Scott Brooks,Scott,scott-brooks,1,G,5-11,165,"JUL 31, 1965",26.0,3,California-Irvine,418,
3,1610612750,1991,00,Myron Brown,Myron,myron-brown,34,F,6-3,180,"NOV 03, 1969",22.0,R,Slippery Rock,76277,
4,1610612750,1991,00,Tony Campbell,Tony,tony-campbell,19,F,6-7,215,"MAY 07, 1962",30.0,7,Ohio State,76338,
5,1610612750,1991,00,Tellis Frank,Tellis,tellis-frank,32,F,6-10,225,"APR 26, 1965",27.0,3,Western Kentucky,76748,
6,1610612750,1991,00,Gerald Glass,Gerald,gerald-glass,4,F,6-5,221,"NOV 12, 1967",24.0,1,Mississippi,76821,
7,1610612750,1991,00,Luc Longley,Luc,luc-longley,13,C,7-2,265,"JAN 19, 1969",23.0,R,New Mexico,26,
8,1610612750,1991,00,Sam Mitchell,Sam,sam-mitchell,42,F,6-6,210,"SEP 02, 1963",28.0,2,Mercer,417,
9,1610612750,1991,00,Tod Murphy,Tod,tod-murphy,9,C,6-9,220,"DEC 24, 1963",28.0,3,California-Irvine,77674,
10,1610612750,1991,00,Mark Randall,Mark,mark-randall,52,F,6-8,235,"SEP 30, 1967",24.0,R,Kansas,1821,
11,1610612750,1991,00,Pooh Richardson,Pooh,pooh-richardson,24,G,6-1,180,"MAY 14, 1966",26.0,2,UCLA,71,
12,1610612750,1991,00,Felton Spencer,Felton,felton-spencer,50,C,7-0,265,"JAN 05, 1968",24.0,1,Louisville,280,
13,1610612750,1991,00,Doug West,Doug,doug-west,5,G,6-6,200,"MAY 27, 1967",25.0,2,Villanova,28,
0,1610612750,1990,00,Randy Breuer,Randy,randy-breuer,45,C,7-3,230,"OCT 11, 1960",30.0,7,Minnesota,76247,
1,1610612750,1990,00,Scott Brooks,Scott,scott-brooks,1,G,5-11,165,"JUL 31, 1965",25.0,2,California-Irvine,418,
2,1610612750,1990,00,Tony Campbell,Tony,tony-campbell,19,F,6-7,215,"MAY 07, 1962",29.0,6,Ohio State,76338,
3,1610612750,1990,00,Richard Coffey,Richard,richard-coffey,33,G,6-6,212,"SEP 02, 1965",25.0,R,Minnesota,76410,
4,1610612750,1990,00,Tyrone Corbin,Tyrone,tyrone-corbin,23,F,6-6,210,"DEC 31, 1962",28.0,5,DePaul,895,
5,1610612750,1990,00,Gerald Glass,Gerald,gerald-glass,22,F,6-5,221,"NOV 12, 1967",23.0,R,Mississippi,76821,
6,1610612750,1990,00,Dan Godfread,Dan,dan-godfread,52,F,6-10,250,"JUN 14, 1967",24.0,R,Evansville,76827,
7,1610612750,1990,00,Sam Mitchell,Sam,sam-mitchell,42,F,6-6,210,"SEP 02, 1963",27.0,1,Mercer,417,
8,1610612750,1990,00,Tod Murphy,Tod,tod-murphy,4,C,6-9,220,"DEC 24, 1963",27.0,2,California-Irvine,77674,
9,1610612750,1990,00,Pooh Richardson,Pooh,pooh-richardson,24,G,6-1,180,"MAY 14, 1966",25.0,1,UCLA,71,
10,1610612750,1990,00,Felton Spencer,Felton,felton-spencer,50,C,7-0,265,"JAN 05, 1968",23.0,R,Louisville,280,
11,1610612750,1990,00,Jim Thomas,Jim,jim-thomas,20,G,6-3,190,"OCT 19, 1960",30.0,3,Indiana,78320,
12,1610612750,1990,00,Bob Thornton,Bob,bob-thornton,25,F,6-10,225,"JUL 10, 1962",28.0,5,California-Irvine,738,
13,1610612750,1990,00,Doug West,Doug,doug-west,5,G,6-6,200,"MAY 27, 1967",24.0,1,Villanova,28,
0,1610612750,1989,00,Adrian Branch,Adrian,adrian-branch,1,F,6-7,185,"NOV 17, 1963",26.0,3,Maryland,76237,
1,1610612750,1989,00,Randy Breuer,Randy,randy-breuer,45,C,7-3,230,"OCT 11, 1960",29.0,6,Minnesota,76247,
2,1610612750,1989,00,Tony Campbell,Tony,tony-campbell,19,F,6-7,215,"MAY 07, 1962",28.0,5,Ohio State,76338,
3,1610612750,1989,00,Tyrone Corbin,Tyrone,tyrone-corbin,23,F,6-6,210,"DEC 31, 1962",27.0,4,DePaul,895,
4,1610612750,1989,00,Gary Leonard,Gary,gary-leonard,52,C,7-1,250,"FEB 16, 1967",23.0,R,Missouri,77370,
5,1610612750,1989,00,Sidney Lowe,Sidney,sidney-lowe,35,G,6-0,195,"JAN 21, 1960",30.0,3,North Carolina State,77415,
6,1610612750,1989,00,Sam Mitchell,Sam,sam-mitchell,42,F,6-6,210,"SEP 02, 1963",26.0,R,Mercer,417,
7,1610612750,1989,00,Tod Murphy,Tod,tod-murphy,4,C,6-9,220,"DEC 24, 1963",26.0,1,California-Irvine,77674,
8,1610612750,1989,00,Pooh Richardson,Pooh,pooh-richardson,24,G,6-1,180,"MAY 14, 1966",24.0,R,UCLA,71,
9,1610612750,1989,00,Scott Roth,Scott,scott-roth,3,F,6-8,212,"JUN 03, 1963",27.0,2,Wisconsin,78022,
10,1610612750,1989,00,Donald Royal,Donald,donald-royal,15,F,6-8,210,"MAY 22, 1966",24.0,R,Notre Dame,140,
11,1610612750,1989,00,Brad Sellers,Brad,brad-sellers,2,F,7-0,210,"DEC 17, 1962",27.0,3,Ohio State,78110,
12,1610612750,1989,00,Doug West,Doug,doug-west,5,G,6-6,200,"MAY 27, 1967",23.0,R,Villanova,28,
